epoch,train_loss,val_loss
1,0.34802786666567964,0.23030294931453207
2,0.17820447646450288,0.17835662060457727
3,0.12383296418160496,0.15884310363427454
4,0.09740650889897111,0.1533890015081219
