epoch,train_loss,val_loss
1,0.4003983572930903,0.3176114611765918
2,0.2302918763378182,0.23700428096687093
3,0.15929787857709704,0.18468239158391953
4,0.12427191174513585,0.18011622919755824
5,0.10270637027113824,0.16214483231306076
6,0.07916405575500952,0.1642537184936159
7,0.07168159014671235,0.16848605652065837
8,0.06801480130367987,0.1703730744912344
9,0.06634990667068474,0.1732034952763249
10,0.06408185771087536,0.1760892960078576
11,0.06189814089117823,0.1772235454443623
