epoch,train_loss,val_loss
1,0.3531707966386682,0.2739775945311007
2,0.20478341610419867,0.19408904825863632
3,0.13889990112569073,0.16290886100867522
4,0.10705557952422907,0.14426727536255898
5,0.07642341884646085,0.14783570891165215
6,0.0718570522558276,0.14910643823120906
7,0.0689325206313688,0.14897629910189172
8,0.06699239429418404,0.15216027094942072
9,0.06373009410234962,0.1510255587813647
10,0.06359020755211316,0.15129822832734688
